,name,version,success,mlp_layers_num,rff_num,lam_sdiv,lam_curl,lam_grads,lam_sfn,lam_weight,rec,spc,ang,model_path
0,RFFMLP_run:8-ds:4-mlp:3-rff_num:0-df:true-lsdv:0-lgrd:1e-5-lcrl:0-lsfn:0-ni:3,version_7,True,3.0,0.0,0.0,0.0,1e-05,0.0,0.0001,0.0595971941947937,87.34234619140625,11.585868835449219,/home/dicarlo_d/Documents/Code/TurboSuperResultion/recipes/turbo2D/single_images/.torch_checkpoints/Turb2D-RFFMLP_run:8-ds:4-mlp:3-rff_num:0-df:true-lsdv:0-lgrd:1e-5-lcrl:0-lsfn:0-ni:3-epoch=2779-val_loss=0.00.ckpt
1,RFFMLP_run:8-ds:4-mlp:3-rff_num:256-df:true-lsdv:1e-3-lgrd:1e-5-lcrl:1e-5-lsfn:0-ni:3,version_72,True,3.0,256.0,0.001,1e-05,1e-05,0.0,0.0001,0.09384151548147202,66.23030853271484,14.77092456817627,/home/dicarlo_d/Documents/Code/TurboSuperResultion/recipes/turbo2D/single_images/.torch_checkpoints/Turb2D-RFFMLP_run:8-ds:4-mlp:3-rff_num:256-df:true-lsdv:1e-3-lgrd:1e-5-lcrl:1e-5-lsfn:0-ni:3-epoch=859-val_loss=0.00.ckpt
2,RFFMLP_run:8-ds:4-mlp:3-rff_num:0-df:true-lsdv:1e-3-lgrd:0-lcrl:1e-8-lsfn:0-ni:3,version_11,True,3.0,0.0,0.001,1e-08,0.0,0.0,0.0001,0.09144097566604614,39.75861358642578,14.65328598022461,/home/dicarlo_d/Documents/Code/TurboSuperResultion/recipes/turbo2D/single_images/.torch_checkpoints/Turb2D-RFFMLP_run:8-ds:4-mlp:3-rff_num:0-df:true-lsdv:1e-3-lgrd:0-lcrl:1e-8-lsfn:0-ni:3-epoch=99-val_loss=0.00.ckpt
3,RFFMLP_run:8-ds:4-mlp:3-rff_num:0-df:true-lsdv:1e-3-lgrd:1e-8-lcrl:0-lsfn:0-ni:3,version_13,True,3.0,0.0,0.001,0.0,1e-08,0.0,0.0001,0.09156342595815659,39.041107177734375,14.674015045166016,/home/dicarlo_d/Documents/Code/TurboSuperResultion/recipes/turbo2D/single_images/.torch_checkpoints/Turb2D-RFFMLP_run:8-ds:4-mlp:3-rff_num:0-df:true-lsdv:1e-3-lgrd:1e-8-lcrl:0-lsfn:0-ni:3-epoch=79-val_loss=0.00.ckpt
4,RFFMLP_run:8-ds:4-mlp:3-rff_num:0-df:true-lsdv:0-lgrd:0-lcrl:1e-8-lsfn:0-ni:3,version_2,True,3.0,0.0,0.0,1e-08,0.0,0.0,0.0001,0.09142612665891647,42.56669998168945,14.658913612365723,/home/dicarlo_d/Documents/Code/TurboSuperResultion/recipes/turbo2D/single_images/.torch_checkpoints/Turb2D-RFFMLP_run:8-ds:4-mlp:3-rff_num:0-df:true-lsdv:0-lgrd:0-lcrl:1e-8-lsfn:0-ni:3-epoch=79-val_loss=0.00.ckpt
5,RFFMLP_run:8-ds:4-mlp:3-rff_num:512-df:true-lsdv:1e-3-lgrd:1e-5-lcrl:1e-8-lsfn:0-ni:3,version_98,True,3.0,512.0,0.001,1e-08,1e-05,0.0,0.0001,0.015578248538076878,87.63153076171875,5.975431442260742,/home/dicarlo_d/Documents/Code/TurboSuperResultion/recipes/turbo2D/single_images/.torch_checkpoints/Turb2D-RFFMLP_run:8-ds:4-mlp:3-rff_num:512-df:true-lsdv:1e-3-lgrd:1e-5-lcrl:1e-8-lsfn:0-ni:3-epoch=1139-val_loss=0.00.ckpt
6,RFFMLP_run:8-ds:4-mlp:3-rff_num:0-df:true-lsdv:1e-3-lgrd:1e-5-lcrl:0-lsfn:0-ni:3,version_16,True,3.0,0.0,0.001,0.0,1e-05,0.0,0.0001,0.07524268329143524,73.77493286132812,13.097648620605469,/home/dicarlo_d/Documents/Code/TurboSuperResultion/recipes/turbo2D/single_images/.torch_checkpoints/Turb2D-RFFMLP_run:8-ds:4-mlp:3-rff_num:0-df:true-lsdv:1e-3-lgrd:1e-5-lcrl:0-lsfn:0-ni:3-epoch=539-val_loss=0.00.ckpt
7,RFFMLP_run:8-ds:4-mlp:3-rff_num:64-df:true-lsdv:1e-3-lgrd:1e-5-lcrl:0-lsfn:0-ni:3,version_43,True,3.0,64.0,0.001,0.0,1e-05,0.0,0.0001,0.08184303343296051,105.67352294921875,13.852330207824707,/home/dicarlo_d/Documents/Code/TurboSuperResultion/recipes/turbo2D/single_images/.torch_checkpoints/Turb2D-RFFMLP_run:8-ds:4-mlp:3-rff_num:64-df:true-lsdv:1e-3-lgrd:1e-5-lcrl:0-lsfn:0-ni:3-epoch=899-val_loss=0.00.ckpt
8,RFFMLP_run:8-ds:4-mlp:3-rff_num:512-df:true-lsdv:0-lgrd:1e-5-lcrl:1e-8-lsfn:0-ni:3,version_89,True,3.0,512.0,0.0,1e-08,1e-05,0.0,0.0001,0.008697040379047394,88.71855163574219,4.381906509399414,/home/dicarlo_d/Documents/Code/TurboSuperResultion/recipes/turbo2D/single_images/.torch_checkpoints/Turb2D-RFFMLP_run:8-ds:4-mlp:3-rff_num:512-df:true-lsdv:0-lgrd:1e-5-lcrl:1e-8-lsfn:0-ni:3-epoch=1359-val_loss=0.00.ckpt
9,RFFMLP_run:8-ds:4-mlp:3-rff_num:256-df:true-lsdv:1e-3-lgrd:1e-5-lcrl:0-lsfn:0-ni:3,version_70,True,3.0,256.0,0.001,0.0,1e-05,0.0,0.0001,0.029455911368131638,128.75161743164062,7.570064544677734,/home/dicarlo_d/Documents/Code/TurboSuperResultion/recipes/turbo2D/single_images/.torch_checkpoints/Turb2D-RFFMLP_run:8-ds:4-mlp:3-rff_num:256-df:true-lsdv:1e-3-lgrd:1e-5-lcrl:0-lsfn:0-ni:3-epoch=3739-val_loss=0.00.ckpt
10,RFFMLP_run:8-ds:4-mlp:3-rff_num:0-df:true-lsdv:1e-5-lgrd:1e-8-lcrl:0-lsfn:0-ni:3,version_22,True,3.0,0.0,1e-05,0.0,1e-08,0.0,0.0001,0.09172309935092926,37.953643798828125,14.650030136108398,/home/dicarlo_d/Documents/Code/TurboSuperResultion/recipes/turbo2D/single_images/.torch_checkpoints/Turb2D-RFFMLP_run:8-ds:4-mlp:3-rff_num:0-df:true-lsdv:1e-5-lgrd:1e-8-lcrl:0-lsfn:0-ni:3-epoch=19-val_loss=0.00.ckpt
11,RFFMLP_run:8-ds:4-mlp:3-rff_num:256-df:true-lsdv:0-lgrd:1e-5-lcrl:1e-5-lsfn:0-ni:3,version_63,True,3.0,256.0,0.0,1e-05,1e-05,0.0,0.0001,0.09648264199495316,63.9005241394043,15.049736022949219,/home/dicarlo_d/Documents/Code/TurboSuperResultion/recipes/turbo2D/single_images/.torch_checkpoints/Turb2D-RFFMLP_run:8-ds:4-mlp:3-rff_num:256-df:true-lsdv:0-lgrd:1e-5-lcrl:1e-5-lsfn:0-ni:3-epoch=4999-val_loss=0.00.ckpt
12,RFFMLP_run:8-ds:4-mlp:3-rff_num:0-df:true-lsdv:1e-3-lgrd:0-lcrl:1e-5-lsfn:0-ni:3,version_12,True,3.0,0.0,0.001,1e-05,0.0,0.0,0.0001,0.09142812341451645,41.1434211730957,14.666047096252441,/home/dicarlo_d/Documents/Code/TurboSuperResultion/recipes/turbo2D/single_images/.torch_checkpoints/Turb2D-RFFMLP_run:8-ds:4-mlp:3-rff_num:0-df:true-lsdv:1e-3-lgrd:0-lcrl:1e-5-lsfn:0-ni:3-epoch=179-val_loss=0.00.ckpt
13,RFFMLP_run:8-ds:4-mlp:3-rff_num:256-df:true-lsdv:1e-3-lgrd:0-lcrl:0-lsfn:0-ni:3,version_64,True,3.0,256.0,0.001,0.0,0.0,0.0,0.0001,0.026557844132184982,120.82733154296875,7.345861434936523,/home/dicarlo_d/Documents/Code/TurboSuperResultion/recipes/turbo2D/single_images/.torch_checkpoints/Turb2D-RFFMLP_run:8-ds:4-mlp:3-rff_num:256-df:true-lsdv:1e-3-lgrd:0-lcrl:0-lsfn:0-ni:3-epoch=779-val_loss=0.00.ckpt
14,RFFMLP_run:8-ds:4-mlp:3-rff_num:0-df:true-lsdv:0-lgrd:1e-8-lcrl:0-lsfn:0-ni:3,version_4,True,3.0,0.0,0.0,0.0,1e-08,0.0,0.0001,0.07428036630153656,76.53082275390625,12.977373123168945,/home/dicarlo_d/Documents/Code/TurboSuperResultion/recipes/turbo2D/single_images/.torch_checkpoints/Turb2D-RFFMLP_run:8-ds:4-mlp:3-rff_num:0-df:true-lsdv:0-lgrd:1e-8-lcrl:0-lsfn:0-ni:3-epoch=659-val_loss=0.00.ckpt
15,RFFMLP_run:8-ds:4-mlp:3-rff_num:64-df:true-lsdv:0-lgrd:1e-8-lcrl:0-lsfn:0-ni:3,version_31,True,3.0,64.0,0.0,0.0,1e-08,0.0,0.0001,0.05672002583742142,122.77417755126953,11.347864151000977,/home/dicarlo_d/Documents/Code/TurboSuperResultion/recipes/turbo2D/single_images/.torch_checkpoints/Turb2D-RFFMLP_run:8-ds:4-mlp:3-rff_num:64-df:true-lsdv:0-lgrd:1e-8-lcrl:0-lsfn:0-ni:3-epoch=959-val_loss=0.00.ckpt
16,RFFMLP_run:8-ds:4-mlp:3-rff_num:0-df:true-lsdv:1e-5-lgrd:1e-8-lcrl:1e-5-lsfn:0-ni:3,version_24,True,3.0,0.0,1e-05,1e-05,1e-08,0.0,0.0001,0.07601962983608246,74.32379150390625,13.152251243591309,/home/dicarlo_d/Documents/Code/TurboSuperResultion/recipes/turbo2D/single_images/.torch_checkpoints/Turb2D-RFFMLP_run:8-ds:4-mlp:3-rff_num:0-df:true-lsdv:1e-5-lgrd:1e-8-lcrl:1e-5-lsfn:0-ni:3-epoch=679-val_loss=0.00.ckpt
17,RFFMLP_run:8-ds:4-mlp:3-rff_num:256-df:true-lsdv:1e-3-lgrd:1e-8-lcrl:1e-8-lsfn:0-ni:3,version_68,True,3.0,256.0,0.001,1e-08,1e-08,0.0,0.0001,0.026342112571001053,89.51467895507812,7.708637714385986,/home/dicarlo_d/Documents/Code/TurboSuperResultion/recipes/turbo2D/single_images/.torch_checkpoints/Turb2D-RFFMLP_run:8-ds:4-mlp:3-rff_num:256-df:true-lsdv:1e-3-lgrd:1e-8-lcrl:1e-8-lsfn:0-ni:3-epoch=1619-val_loss=0.00.ckpt
18,RFFMLP_run:8-ds:4-mlp:3-rff_num:64-df:true-lsdv:1e-3-lgrd:0-lcrl:0-lsfn:0-ni:3,version_37,True,3.0,64.0,0.001,0.0,0.0,0.0,0.0001,0.018391236662864685,103.3681869506836,6.154478073120117,/home/dicarlo_d/Documents/Code/TurboSuperResultion/recipes/turbo2D/single_images/.torch_checkpoints/Turb2D-RFFMLP_run:8-ds:4-mlp:3-rff_num:64-df:true-lsdv:1e-3-lgrd:0-lcrl:0-lsfn:0-ni:3-epoch=4999-val_loss=0.00.ckpt
19,RFFMLP_run:8-ds:4-mlp:3-rff_num:512-df:true-lsdv:1e-3-lgrd:1e-8-lcrl:0-lsfn:0-ni:3,version_94,True,3.0,512.0,0.001,0.0,1e-08,0.0,0.0001,0.01253775879740715,121.16485595703125,4.997312545776367,/home/dicarlo_d/Documents/Code/TurboSuperResultion/recipes/turbo2D/single_images/.torch_checkpoints/Turb2D-RFFMLP_run:8-ds:4-mlp:3-rff_num:512-df:true-lsdv:1e-3-lgrd:1e-8-lcrl:0-lsfn:0-ni:3-epoch=459-val_loss=0.00.ckpt
20,RFFMLP_run:8-ds:4-mlp:3-rff_num:0-df:true-lsdv:0-lgrd:1e-8-lcrl:1e-5-lsfn:0-ni:3,version_6,True,3.0,0.0,0.0,1e-05,1e-08,0.0,0.0001,0.07528728991746902,76.681396484375,13.077760696411133,/home/dicarlo_d/Documents/Code/TurboSuperResultion/recipes/turbo2D/single_images/.torch_checkpoints/Turb2D-RFFMLP_run:8-ds:4-mlp:3-rff_num:0-df:true-lsdv:0-lgrd:1e-8-lcrl:1e-5-lsfn:0-ni:3-epoch=599-val_loss=0.00.ckpt
21,RFFMLP_run:8-ds:4-mlp:3-rff_num:0-df:true-lsdv:1e-3-lgrd:0-lcrl:0-lsfn:0-ni:3,version_10,True,3.0,0.0,0.001,0.0,0.0,0.0,0.0001,0.059314314275979996,80.65401458740234,11.47754192352295,/home/dicarlo_d/Documents/Code/TurboSuperResultion/recipes/turbo2D/single_images/.torch_checkpoints/Turb2D-RFFMLP_run:8-ds:4-mlp:3-rff_num:0-df:true-lsdv:1e-3-lgrd:0-lcrl:0-lsfn:0-ni:3-epoch=3579-val_loss=0.00.ckpt
22,RFFMLP_run:8-ds:4-mlp:3-rff_num:64-df:true-lsdv:0-lgrd:1e-5-lcrl:1e-5-lsfn:0-ni:3,version_36,True,3.0,64.0,0.0,1e-05,1e-05,0.0,0.0001,0.09344382584095001,58.782508850097656,14.76896858215332,/home/dicarlo_d/Documents/Code/TurboSuperResultion/recipes/turbo2D/single_images/.torch_checkpoints/Turb2D-RFFMLP_run:8-ds:4-mlp:3-rff_num:64-df:true-lsdv:0-lgrd:1e-5-lcrl:1e-5-lsfn:0-ni:3-epoch=4999-val_loss=0.00.ckpt
23,RFFMLP_run:8-ds:4-mlp:3-rff_num:64-df:true-lsdv:1e-5-lgrd:1e-8-lcrl:0-lsfn:0-ni:3,version_49,True,3.0,64.0,1e-05,0.0,1e-08,0.0,0.0001,0.010134892538189888,100.67630004882812,4.549980163574219,/home/dicarlo_d/Documents/Code/TurboSuperResultion/recipes/turbo2D/single_images/.torch_checkpoints/Turb2D-RFFMLP_run:8-ds:4-mlp:3-rff_num:64-df:true-lsdv:1e-5-lgrd:1e-8-lcrl:0-lsfn:0-ni:3-epoch=4879-val_loss=0.00.ckpt
24,RFFMLP_run:8-ds:4-mlp:3-rff_num:64-df:true-lsdv:1e-5-lgrd:1e-5-lcrl:0-lsfn:0-ni:3,version_52,True,3.0,64.0,1e-05,0.0,1e-05,0.0,0.0001,0.044429484754800797,137.59017944335938,9.695298194885254,/home/dicarlo_d/Documents/Code/TurboSuperResultion/recipes/turbo2D/single_images/.torch_checkpoints/Turb2D-RFFMLP_run:8-ds:4-mlp:3-rff_num:64-df:true-lsdv:1e-5-lgrd:1e-5-lcrl:0-lsfn:0-ni:3-epoch=4999-val_loss=0.00.ckpt
25,RFFMLP_run:8-ds:4-mlp:3-rff_num:256-df:true-lsdv:0-lgrd:1e-8-lcrl:0-lsfn:0-ni:3,version_58,True,3.0,256.0,0.0,0.0,1e-08,0.0,0.0001,0.035819150507450104,126.7428970336914,8.469627380371094,/home/dicarlo_d/Documents/Code/TurboSuperResultion/recipes/turbo2D/single_images/.torch_checkpoints/Turb2D-RFFMLP_run:8-ds:4-mlp:3-rff_num:256-df:true-lsdv:0-lgrd:1e-8-lcrl:0-lsfn:0-ni:3-epoch=3079-val_loss=0.00.ckpt
26,RFFMLP_run:8-ds:4-mlp:3-rff_num:0-df:true-lsdv:1e-5-lgrd:1e-5-lcrl:0-lsfn:0-ni:3,version_25,True,3.0,0.0,1e-05,0.0,1e-05,0.0,0.0001,0.075038380920887,75.32766723632812,13.12039852142334,/home/dicarlo_d/Documents/Code/TurboSuperResultion/recipes/turbo2D/single_images/.torch_checkpoints/Turb2D-RFFMLP_run:8-ds:4-mlp:3-rff_num:0-df:true-lsdv:1e-5-lgrd:1e-5-lcrl:0-lsfn:0-ni:3-epoch=599-val_loss=0.00.ckpt
27,RFFMLP_run:8-ds:4-mlp:3-rff_num:256-df:true-lsdv:0-lgrd:1e-5-lcrl:0-lsfn:0-ni:3,version_61,True,3.0,256.0,0.0,0.0,1e-05,0.0,0.0001,0.01901926100254059,126.79744720458984,6.260316371917725,/home/dicarlo_d/Documents/Code/TurboSuperResultion/recipes/turbo2D/single_images/.torch_checkpoints/Turb2D-RFFMLP_run:8-ds:4-mlp:3-rff_num:256-df:true-lsdv:0-lgrd:1e-5-lcrl:0-lsfn:0-ni:3-epoch=779-val_loss=0.00.ckpt
28,RFFMLP_run:8-ds:4-mlp:3-rff_num:64-df:true-lsdv:0-lgrd:1e-8-lcrl:1e-8-lsfn:0-ni:3,version_32,True,3.0,64.0,0.0,1e-08,1e-08,0.0,0.0001,0.08646969497203827,50.93876266479492,14.166834831237793,/home/dicarlo_d/Documents/Code/TurboSuperResultion/recipes/turbo2D/single_images/.torch_checkpoints/Turb2D-RFFMLP_run:8-ds:4-mlp:3-rff_num:64-df:true-lsdv:0-lgrd:1e-8-lcrl:1e-8-lsfn:0-ni:3-epoch=1959-val_loss=0.00.ckpt
29,RFFMLP_run:8-ds:4-mlp:3-rff_num:0-df:true-lsdv:0-lgrd:1e-8-lcrl:1e-8-lsfn:0-ni:3,version_5,True,3.0,0.0,0.0,1e-08,1e-08,0.0,0.0001,0.07543480396270752,73.30625915527344,13.123388290405273,/home/dicarlo_d/Documents/Code/TurboSuperResultion/recipes/turbo2D/single_images/.torch_checkpoints/Turb2D-RFFMLP_run:8-ds:4-mlp:3-rff_num:0-df:true-lsdv:0-lgrd:1e-8-lcrl:1e-8-lsfn:0-ni:3-epoch=639-val_loss=0.00.ckpt
30,RFFMLP_run:8-ds:4-mlp:3-rff_num:256-df:true-lsdv:0-lgrd:0-lcrl:1e-8-lsfn:0-ni:3,version_56,True,3.0,256.0,0.0,1e-08,0.0,0.0,0.0001,0.03274495154619217,77.5997085571289,8.70587158203125,/home/dicarlo_d/Documents/Code/TurboSuperResultion/recipes/turbo2D/single_images/.torch_checkpoints/Turb2D-RFFMLP_run:8-ds:4-mlp:3-rff_num:256-df:true-lsdv:0-lgrd:0-lcrl:1e-8-lsfn:0-ni:3-epoch=1159-val_loss=0.00.ckpt
31,RFFMLP_run:8-ds:4-mlp:3-rff_num:0-df:true-lsdv:1e-5-lgrd:0-lcrl:1e-5-lsfn:0-ni:3,version_21,True,3.0,0.0,1e-05,1e-05,0.0,0.0,0.0001,0.09147539734840393,46.479244232177734,14.657903671264648,/home/dicarlo_d/Documents/Code/TurboSuperResultion/recipes/turbo2D/single_images/.torch_checkpoints/Turb2D-RFFMLP_run:8-ds:4-mlp:3-rff_num:0-df:true-lsdv:1e-5-lgrd:0-lcrl:1e-5-lsfn:0-ni:3-epoch=99-val_loss=0.00.ckpt
32,RFFMLP_run:8-ds:4-mlp:3-rff_num:512-df:true-lsdv:1e-3-lgrd:0-lcrl:1e-5-lsfn:0-ni:3,version_93,True,3.0,512.0,0.001,1e-05,0.0,0.0,0.0001,0.09404920786619186,68.29814147949219,14.775428771972656,/home/dicarlo_d/Documents/Code/TurboSuperResultion/recipes/turbo2D/single_images/.torch_checkpoints/Turb2D-RFFMLP_run:8-ds:4-mlp:3-rff_num:512-df:true-lsdv:1e-3-lgrd:0-lcrl:1e-5-lsfn:0-ni:3-epoch=4999-val_loss=0.00.ckpt
33,RFFMLP_run:8-ds:4-mlp:3-rff_num:256-df:true-lsdv:1e-3-lgrd:1e-5-lcrl:1e-8-lsfn:0-ni:3,version_71,True,3.0,256.0,0.001,1e-08,1e-05,0.0,0.0001,0.03520084172487259,81.32748413085938,9.048276901245117,/home/dicarlo_d/Documents/Code/TurboSuperResultion/recipes/turbo2D/single_images/.torch_checkpoints/Turb2D-RFFMLP_run:8-ds:4-mlp:3-rff_num:256-df:true-lsdv:1e-3-lgrd:1e-5-lcrl:1e-8-lsfn:0-ni:3-epoch=1399-val_loss=0.00.ckpt
34,RFFMLP_run:8-ds:4-mlp:3-rff_num:256-df:true-lsdv:1e-5-lgrd:1e-8-lcrl:1e-5-lsfn:0-ni:3,version_78,True,3.0,256.0,1e-05,1e-05,1e-08,0.0,0.0001,0.09306858479976654,62.19510269165039,14.765631675720215,/home/dicarlo_d/Documents/Code/TurboSuperResultion/recipes/turbo2D/single_images/.torch_checkpoints/Turb2D-RFFMLP_run:8-ds:4-mlp:3-rff_num:256-df:true-lsdv:1e-5-lgrd:1e-8-lcrl:1e-5-lsfn:0-ni:3-epoch=1199-val_loss=0.00.ckpt
35,RFFMLP_run:8-ds:4-mlp:3-rff_num:0-df:true-lsdv:0-lgrd:0-lcrl:1e-5-lsfn:0-ni:3,version_3,True,3.0,0.0,0.0,1e-05,0.0,0.0,0.0001,0.07729493081569672,75.29486846923828,13.267065048217773,/home/dicarlo_d/Documents/Code/TurboSuperResultion/recipes/turbo2D/single_images/.torch_checkpoints/Turb2D-RFFMLP_run:8-ds:4-mlp:3-rff_num:0-df:true-lsdv:0-lgrd:0-lcrl:1e-5-lsfn:0-ni:3-epoch=579-val_loss=0.00.ckpt
36,RFFMLP_run:8-ds:4-mlp:3-rff_num:256-df:true-lsdv:1e-5-lgrd:0-lcrl:1e-5-lsfn:0-ni:3,version_75,True,3.0,256.0,1e-05,1e-05,0.0,0.0,0.0001,0.09366655349731445,62.18974304199219,14.760364532470703,/home/dicarlo_d/Documents/Code/TurboSuperResultion/recipes/turbo2D/single_images/.torch_checkpoints/Turb2D-RFFMLP_run:8-ds:4-mlp:3-rff_num:256-df:true-lsdv:1e-5-lgrd:0-lcrl:1e-5-lsfn:0-ni:3-epoch=4999-val_loss=0.00.ckpt
37,RFFMLP_run:8-ds:4-mlp:3-rff_num:512-df:true-lsdv:0-lgrd:1e-8-lcrl:1e-8-lsfn:0-ni:3,version_86,True,3.0,512.0,0.0,1e-08,1e-08,0.0,0.0001,0.01714276894927025,80.9965591430664,6.2691779136657715,/home/dicarlo_d/Documents/Code/TurboSuperResultion/recipes/turbo2D/single_images/.torch_checkpoints/Turb2D-RFFMLP_run:8-ds:4-mlp:3-rff_num:512-df:true-lsdv:0-lgrd:1e-8-lcrl:1e-8-lsfn:0-ni:3-epoch=1419-val_loss=0.00.ckpt
38,RFFMLP_run:8-ds:4-mlp:3-rff_num:256-df:true-lsdv:1e-5-lgrd:0-lcrl:1e-8-lsfn:0-ni:3,version_74,True,3.0,256.0,1e-05,1e-08,0.0,0.0,0.0001,0.04988257959485054,86.32534790039062,10.735559463500977,/home/dicarlo_d/Documents/Code/TurboSuperResultion/recipes/turbo2D/single_images/.torch_checkpoints/Turb2D-RFFMLP_run:8-ds:4-mlp:3-rff_num:256-df:true-lsdv:1e-5-lgrd:0-lcrl:1e-8-lsfn:0-ni:3-epoch=1299-val_loss=0.00.ckpt
39,RFFMLP_run:8-ds:4-mlp:3-rff_num:64-df:true-lsdv:1e-3-lgrd:1e-8-lcrl:1e-5-lsfn:0-ni:3,version_42,True,3.0,64.0,0.001,1e-05,1e-08,0.0,0.0001,0.0959375649690628,65.36433410644531,15.0111083984375,/home/dicarlo_d/Documents/Code/TurboSuperResultion/recipes/turbo2D/single_images/.torch_checkpoints/Turb2D-RFFMLP_run:8-ds:4-mlp:3-rff_num:64-df:true-lsdv:1e-3-lgrd:1e-8-lcrl:1e-5-lsfn:0-ni:3-epoch=4999-val_loss=0.00.ckpt
40,RFFMLP_run:8-ds:4-mlp:3-rff_num:64-df:true-lsdv:0-lgrd:1e-5-lcrl:1e-8-lsfn:0-ni:3,version_35,True,3.0,64.0,0.0,1e-08,1e-05,0.0,0.0001,0.08386628329753876,60.7266731262207,13.98366928100586,/home/dicarlo_d/Documents/Code/TurboSuperResultion/recipes/turbo2D/single_images/.torch_checkpoints/Turb2D-RFFMLP_run:8-ds:4-mlp:3-rff_num:64-df:true-lsdv:0-lgrd:1e-5-lcrl:1e-8-lsfn:0-ni:3-epoch=1579-val_loss=0.00.ckpt
41,RFFMLP_run:8-ds:4-mlp:3-rff_num:512-df:true-lsdv:1e-3-lgrd:0-lcrl:1e-8-lsfn:0-ni:3,version_92,True,3.0,512.0,0.001,1e-08,0.0,0.0,0.0001,0.022211194038391113,87.61833190917969,7.173150062561035,/home/dicarlo_d/Documents/Code/TurboSuperResultion/recipes/turbo2D/single_images/.torch_checkpoints/Turb2D-RFFMLP_run:8-ds:4-mlp:3-rff_num:512-df:true-lsdv:1e-3-lgrd:0-lcrl:1e-8-lsfn:0-ni:3-epoch=699-val_loss=0.00.ckpt
42,RFFMLP_run:8-ds:4-mlp:3-rff_num:512-df:true-lsdv:1e-3-lgrd:1e-5-lcrl:0-lsfn:0-ni:3,version_97,True,3.0,512.0,0.001,0.0,1e-05,0.0,0.0001,0.01242765597999096,121.71678161621094,4.986285209655762,/home/dicarlo_d/Documents/Code/TurboSuperResultion/recipes/turbo2D/single_images/.torch_checkpoints/Turb2D-RFFMLP_run:8-ds:4-mlp:3-rff_num:512-df:true-lsdv:1e-3-lgrd:1e-5-lcrl:0-lsfn:0-ni:3-epoch=699-val_loss=0.00.ckpt
43,RFFMLP_run:8-ds:4-mlp:3-rff_num:256-df:true-lsdv:1e-5-lgrd:1e-5-lcrl:0-lsfn:0-ni:3,version_79,True,3.0,256.0,1e-05,0.0,1e-05,0.0,0.0001,0.012979213148355484,121.41593933105469,5.100121021270752,/home/dicarlo_d/Documents/Code/TurboSuperResultion/recipes/turbo2D/single_images/.torch_checkpoints/Turb2D-RFFMLP_run:8-ds:4-mlp:3-rff_num:256-df:true-lsdv:1e-5-lgrd:1e-5-lcrl:0-lsfn:0-ni:3-epoch=839-val_loss=0.00.ckpt
44,RFFMLP_run:8-ds:4-mlp:3-rff_num:0-df:true-lsdv:1e-5-lgrd:1e-8-lcrl:1e-8-lsfn:0-ni:3,version_23,True,3.0,0.0,1e-05,1e-08,1e-08,0.0,0.0001,0.09342698752880096,47.40693283081055,14.884025573730469,/home/dicarlo_d/Documents/Code/TurboSuperResultion/recipes/turbo2D/single_images/.torch_checkpoints/Turb2D-RFFMLP_run:8-ds:4-mlp:3-rff_num:0-df:true-lsdv:1e-5-lgrd:1e-8-lcrl:1e-8-lsfn:0-ni:3-epoch=99-val_loss=0.00.ckpt
45,RFFMLP_run:8-ds:4-mlp:3-rff_num:64-df:true-lsdv:1e-5-lgrd:1e-8-lcrl:1e-8-lsfn:0-ni:3,version_50,True,3.0,64.0,1e-05,1e-08,1e-08,0.0,0.0001,0.07449990510940552,74.69280242919922,13.168460845947266,/home/dicarlo_d/Documents/Code/TurboSuperResultion/recipes/turbo2D/single_images/.torch_checkpoints/Turb2D-RFFMLP_run:8-ds:4-mlp:3-rff_num:64-df:true-lsdv:1e-5-lgrd:1e-8-lcrl:1e-8-lsfn:0-ni:3-epoch=1759-val_loss=0.00.ckpt
46,RFFMLP_run:8-ds:4-mlp:3-rff_num:64-df:true-lsdv:1e-5-lgrd:0-lcrl:1e-5-lsfn:0-ni:3,version_48,True,3.0,64.0,1e-05,1e-05,0.0,0.0,0.0001,0.09305758029222488,55.976890563964844,14.74308967590332,/home/dicarlo_d/Documents/Code/TurboSuperResultion/recipes/turbo2D/single_images/.torch_checkpoints/Turb2D-RFFMLP_run:8-ds:4-mlp:3-rff_num:64-df:true-lsdv:1e-5-lgrd:0-lcrl:1e-5-lsfn:0-ni:3-epoch=4999-val_loss=0.00.ckpt
47,RFFMLP_run:8-ds:4-mlp:3-rff_num:512-df:true-lsdv:1e-3-lgrd:1e-8-lcrl:1e-5-lsfn:0-ni:3,version_96,True,3.0,512.0,0.001,1e-05,1e-08,0.0,0.0001,0.09276064485311508,60.711307525634766,14.644335746765137,/home/dicarlo_d/Documents/Code/TurboSuperResultion/recipes/turbo2D/single_images/.torch_checkpoints/Turb2D-RFFMLP_run:8-ds:4-mlp:3-rff_num:512-df:true-lsdv:1e-3-lgrd:1e-8-lcrl:1e-5-lsfn:0-ni:3-epoch=4999-val_loss=0.00.ckpt
48,RFFMLP_run:8-ds:4-mlp:3-rff_num:256-df:true-lsdv:1e-5-lgrd:1e-8-lcrl:0-lsfn:0-ni:3,version_76,True,3.0,256.0,1e-05,0.0,1e-08,0.0,0.0001,0.030022747814655304,120.94744110107422,7.732529163360596,/home/dicarlo_d/Documents/Code/TurboSuperResultion/recipes/turbo2D/single_images/.torch_checkpoints/Turb2D-RFFMLP_run:8-ds:4-mlp:3-rff_num:256-df:true-lsdv:1e-5-lgrd:1e-8-lcrl:0-lsfn:0-ni:3-epoch=3979-val_loss=0.00.ckpt
49,RFFMLP_run:8-ds:4-mlp:3-rff_num:0-df:true-lsdv:1e-5-lgrd:1e-5-lcrl:1e-8-lsfn:0-ni:3,version_26,True,3.0,0.0,1e-05,1e-08,1e-05,0.0,0.0001,0.06059122458100319,67.05985260009766,11.666683197021484,/home/dicarlo_d/Documents/Code/TurboSuperResultion/recipes/turbo2D/single_images/.torch_checkpoints/Turb2D-RFFMLP_run:8-ds:4-mlp:3-rff_num:0-df:true-lsdv:1e-5-lgrd:1e-5-lcrl:1e-8-lsfn:0-ni:3-epoch=3559-val_loss=0.00.ckpt
50,RFFMLP_run:8-ds:4-mlp:3-rff_num:64-df:true-lsdv:1e-3-lgrd:1e-5-lcrl:1e-8-lsfn:0-ni:3,version_44,True,3.0,64.0,0.001,1e-08,1e-05,0.0,0.0001,0.09071440249681473,70.59536743164062,14.593116760253906,/home/dicarlo_d/Documents/Code/TurboSuperResultion/recipes/turbo2D/single_images/.torch_checkpoints/Turb2D-RFFMLP_run:8-ds:4-mlp:3-rff_num:64-df:true-lsdv:1e-3-lgrd:1e-5-lcrl:1e-8-lsfn:0-ni:3-epoch=1379-val_loss=0.00.ckpt
51,RFFMLP_run:8-ds:4-mlp:3-rff_num:256-df:true-lsdv:0-lgrd:1e-5-lcrl:1e-8-lsfn:0-ni:3,version_62,True,3.0,256.0,0.0,1e-08,1e-05,0.0,0.0001,0.04918035864830017,88.1728744506836,10.667295455932617,/home/dicarlo_d/Documents/Code/TurboSuperResultion/recipes/turbo2D/single_images/.torch_checkpoints/Turb2D-RFFMLP_run:8-ds:4-mlp:3-rff_num:256-df:true-lsdv:0-lgrd:1e-5-lcrl:1e-8-lsfn:0-ni:3-epoch=1179-val_loss=0.00.ckpt
52,RFFMLP_run:8-ds:4-mlp:3-rff_num:0-df:true-lsdv:1e-3-lgrd:1e-8-lcrl:1e-8-lsfn:0-ni:3,version_14,True,3.0,0.0,0.001,1e-08,1e-08,0.0,0.0001,0.09146998077630997,41.71834945678711,14.665916442871094,/home/dicarlo_d/Documents/Code/TurboSuperResultion/recipes/turbo2D/single_images/.torch_checkpoints/Turb2D-RFFMLP_run:8-ds:4-mlp:3-rff_num:0-df:true-lsdv:1e-3-lgrd:1e-8-lcrl:1e-8-lsfn:0-ni:3-epoch=79-val_loss=0.00.ckpt
53,RFFMLP_run:8-ds:4-mlp:3-rff_num:256-df:true-lsdv:1e-3-lgrd:1e-8-lcrl:0-lsfn:0-ni:3,version_67,True,3.0,256.0,0.001,0.0,1e-08,0.0,0.0001,0.02185717225074768,123.83243560791016,6.7537455558776855,/home/dicarlo_d/Documents/Code/TurboSuperResultion/recipes/turbo2D/single_images/.torch_checkpoints/Turb2D-RFFMLP_run:8-ds:4-mlp:3-rff_num:256-df:true-lsdv:1e-3-lgrd:1e-8-lcrl:0-lsfn:0-ni:3-epoch=819-val_loss=0.00.ckpt
54,RFFMLP_run:8-ds:4-mlp:3-rff_num:512-df:true-lsdv:0-lgrd:1e-8-lcrl:1e-5-lsfn:0-ni:3,version_87,True,3.0,512.0,0.0,1e-05,1e-08,0.0,0.0001,0.09325000643730164,58.23986053466797,14.727635383605957,/home/dicarlo_d/Documents/Code/TurboSuperResultion/recipes/turbo2D/single_images/.torch_checkpoints/Turb2D-RFFMLP_run:8-ds:4-mlp:3-rff_num:512-df:true-lsdv:0-lgrd:1e-8-lcrl:1e-5-lsfn:0-ni:3-epoch=4999-val_loss=0.00.ckpt
55,RFFMLP_run:8-ds:4-mlp:3-rff_num:64-df:true-lsdv:1e-3-lgrd:0-lcrl:1e-8-lsfn:0-ni:3,version_38,True,3.0,64.0,0.001,1e-08,0.0,0.0,0.0001,0.0862049013376236,48.01588439941406,14.123570442199707,/home/dicarlo_d/Documents/Code/TurboSuperResultion/recipes/turbo2D/single_images/.torch_checkpoints/Turb2D-RFFMLP_run:8-ds:4-mlp:3-rff_num:64-df:true-lsdv:1e-3-lgrd:0-lcrl:1e-8-lsfn:0-ni:3-epoch=1499-val_loss=0.00.ckpt
56,RFFMLP_run:8-ds:4-mlp:3-rff_num:64-df:true-lsdv:1e-3-lgrd:1e-8-lcrl:1e-8-lsfn:0-ni:3,version_41,True,3.0,64.0,0.001,1e-08,1e-08,0.0,0.0001,0.08300571143627167,56.60639572143555,13.720579147338867,/home/dicarlo_d/Documents/Code/TurboSuperResultion/recipes/turbo2D/single_images/.torch_checkpoints/Turb2D-RFFMLP_run:8-ds:4-mlp:3-rff_num:64-df:true-lsdv:1e-3-lgrd:1e-8-lcrl:1e-8-lsfn:0-ni:3-epoch=1699-val_loss=0.00.ckpt
57,RFFMLP_run:8-ds:4-mlp:3-rff_num:256-df:true-lsdv:0-lgrd:0-lcrl:0-lsfn:0-ni:3,version_55,True,3.0,256.0,0.0,0.0,0.0,0.0,0.0001,0.019918981939554214,122.59107971191406,6.406679153442383,/home/dicarlo_d/Documents/Code/TurboSuperResultion/recipes/turbo2D/single_images/.torch_checkpoints/Turb2D-RFFMLP_run:8-ds:4-mlp:3-rff_num:256-df:true-lsdv:0-lgrd:0-lcrl:0-lsfn:0-ni:3-epoch=739-val_loss=0.00.ckpt
58,RFFMLP_run:8-ds:4-mlp:3-rff_num:0-df:true-lsdv:1e-5-lgrd:1e-5-lcrl:1e-5-lsfn:0-ni:3,version_27,True,3.0,0.0,1e-05,1e-05,1e-05,0.0,0.0001,0.09138169884681702,43.4524040222168,14.648101806640625,/home/dicarlo_d/Documents/Code/TurboSuperResultion/recipes/turbo2D/single_images/.torch_checkpoints/Turb2D-RFFMLP_run:8-ds:4-mlp:3-rff_num:0-df:true-lsdv:1e-5-lgrd:1e-5-lcrl:1e-5-lsfn:0-ni:3-epoch=99-val_loss=0.00.ckpt
59,RFFMLP_run:8-ds:4-mlp:3-rff_num:256-df:true-lsdv:0-lgrd:1e-8-lcrl:1e-5-lsfn:0-ni:3,version_60,True,3.0,256.0,0.0,1e-05,1e-08,0.0,0.0001,0.09291309118270874,50.47419738769531,14.733723640441895,/home/dicarlo_d/Documents/Code/TurboSuperResultion/recipes/turbo2D/single_images/.torch_checkpoints/Turb2D-RFFMLP_run:8-ds:4-mlp:3-rff_num:256-df:true-lsdv:0-lgrd:1e-8-lcrl:1e-5-lsfn:0-ni:3-epoch=1599-val_loss=0.00.ckpt
60,RFFMLP_run:8-ds:4-mlp:3-rff_num:64-df:true-lsdv:0-lgrd:1e-5-lcrl:0-lsfn:0-ni:3,version_34,True,3.0,64.0,0.0,0.0,1e-05,0.0,0.0001,0.07499954104423523,95.0419921875,13.256681442260742,/home/dicarlo_d/Documents/Code/TurboSuperResultion/recipes/turbo2D/single_images/.torch_checkpoints/Turb2D-RFFMLP_run:8-ds:4-mlp:3-rff_num:64-df:true-lsdv:0-lgrd:1e-5-lcrl:0-lsfn:0-ni:3-epoch=779-val_loss=0.00.ckpt
61,RFFMLP_run:8-ds:4-mlp:3-rff_num:512-df:true-lsdv:0-lgrd:0-lcrl:1e-5-lsfn:0-ni:3,version_84,True,3.0,512.0,0.0,1e-05,0.0,0.0,0.0001,0.09377442300319672,71.4032974243164,14.788959503173828,/home/dicarlo_d/Documents/Code/TurboSuperResultion/recipes/turbo2D/single_images/.torch_checkpoints/Turb2D-RFFMLP_run:8-ds:4-mlp:3-rff_num:512-df:true-lsdv:0-lgrd:0-lcrl:1e-5-lsfn:0-ni:3-epoch=1019-val_loss=0.00.ckpt
62,RFFMLP_run:8-ds:4-mlp:3-rff_num:64-df:true-lsdv:1e-5-lgrd:1e-8-lcrl:1e-5-lsfn:0-ni:3,version_51,True,3.0,64.0,1e-05,1e-05,1e-08,0.0,0.0001,0.0925123319029808,45.616878509521484,14.678083419799805,/home/dicarlo_d/Documents/Code/TurboSuperResultion/recipes/turbo2D/single_images/.torch_checkpoints/Turb2D-RFFMLP_run:8-ds:4-mlp:3-rff_num:64-df:true-lsdv:1e-5-lgrd:1e-8-lcrl:1e-5-lsfn:0-ni:3-epoch=4999-val_loss=0.00.ckpt
63,RFFMLP_run:8-ds:4-mlp:3-rff_num:64-df:true-lsdv:1e-3-lgrd:1e-5-lcrl:1e-5-lsfn:0-ni:3,version_45,True,3.0,64.0,0.001,1e-05,1e-05,0.0,0.0001,0.09298668056726456,56.58800506591797,14.722127914428711,/home/dicarlo_d/Documents/Code/TurboSuperResultion/recipes/turbo2D/single_images/.torch_checkpoints/Turb2D-RFFMLP_run:8-ds:4-mlp:3-rff_num:64-df:true-lsdv:1e-3-lgrd:1e-5-lcrl:1e-5-lsfn:0-ni:3-epoch=4999-val_loss=0.00.ckpt
64,RFFMLP_run:8-ds:4-mlp:3-rff_num:64-df:true-lsdv:1e-5-lgrd:0-lcrl:1e-8-lsfn:0-ni:3,version_47,True,3.0,64.0,1e-05,1e-08,0.0,0.0,0.0001,0.08370319753885269,58.160945892333984,14.059385299682617,/home/dicarlo_d/Documents/Code/TurboSuperResultion/recipes/turbo2D/single_images/.torch_checkpoints/Turb2D-RFFMLP_run:8-ds:4-mlp:3-rff_num:64-df:true-lsdv:1e-5-lgrd:0-lcrl:1e-8-lsfn:0-ni:3-epoch=1679-val_loss=0.00.ckpt
65,RFFMLP_run:8-ds:4-mlp:3-rff_num:512-df:true-lsdv:0-lgrd:1e-5-lcrl:1e-5-lsfn:0-ni:3,version_90,True,3.0,512.0,0.0,1e-05,1e-05,0.0,0.0001,0.09342589229345322,70.29850006103516,14.726383209228516,/home/dicarlo_d/Documents/Code/TurboSuperResultion/recipes/turbo2D/single_images/.torch_checkpoints/Turb2D-RFFMLP_run:8-ds:4-mlp:3-rff_num:512-df:true-lsdv:0-lgrd:1e-5-lcrl:1e-5-lsfn:0-ni:3-epoch=879-val_loss=0.00.ckpt
66,RFFMLP_run:8-ds:4-mlp:3-rff_num:512-df:true-lsdv:0-lgrd:1e-8-lcrl:0-lsfn:0-ni:3,version_85,True,3.0,512.0,0.0,0.0,1e-08,0.0,0.0001,0.023931000381708145,119.7178726196289,6.7789106369018555,/home/dicarlo_d/Documents/Code/TurboSuperResultion/recipes/turbo2D/single_images/.torch_checkpoints/Turb2D-RFFMLP_run:8-ds:4-mlp:3-rff_num:512-df:true-lsdv:0-lgrd:1e-8-lcrl:0-lsfn:0-ni:3-epoch=2339-val_loss=0.00.ckpt
67,RFFMLP_run:8-ds:4-mlp:3-rff_num:64-df:true-lsdv:0-lgrd:0-lcrl:0-lsfn:0-ni:3,version_28,True,3.0,64.0,0.0,0.0,0.0,0.0,0.0001,0.014558231458067894,117.76177215576172,5.367988586425781,/home/dicarlo_d/Documents/Code/TurboSuperResultion/recipes/turbo2D/single_images/.torch_checkpoints/Turb2D-RFFMLP_run:8-ds:4-mlp:3-rff_num:64-df:true-lsdv:0-lgrd:0-lcrl:0-lsfn:0-ni:3-epoch=4999-val_loss=0.00.ckpt
68,RFFMLP_run:8-ds:4-mlp:3-rff_num:0-df:true-lsdv:1e-5-lgrd:0-lcrl:1e-8-lsfn:0-ni:3,version_20,True,3.0,0.0,1e-05,1e-08,0.0,0.0,0.0001,0.09156815707683563,43.182838439941406,14.640449523925781,/home/dicarlo_d/Documents/Code/TurboSuperResultion/recipes/turbo2D/single_images/.torch_checkpoints/Turb2D-RFFMLP_run:8-ds:4-mlp:3-rff_num:0-df:true-lsdv:1e-5-lgrd:0-lcrl:1e-8-lsfn:0-ni:3-epoch=119-val_loss=0.00.ckpt
69,RFFMLP_run:8-ds:4-mlp:3-rff_num:256-df:true-lsdv:1e-5-lgrd:0-lcrl:0-lsfn:0-ni:3,version_73,True,3.0,256.0,1e-05,0.0,0.0,0.0,0.0001,0.01811066083610058,116.31501770019531,6.005716323852539,/home/dicarlo_d/Documents/Code/TurboSuperResultion/recipes/turbo2D/single_images/.torch_checkpoints/Turb2D-RFFMLP_run:8-ds:4-mlp:3-rff_num:256-df:true-lsdv:1e-5-lgrd:0-lcrl:0-lsfn:0-ni:3-epoch=899-val_loss=0.00.ckpt
70,RFFMLP_run:8-ds:4-mlp:3-rff_num:512-df:true-lsdv:0-lgrd:0-lcrl:1e-8-lsfn:0-ni:3,version_83,True,3.0,512.0,0.0,1e-08,0.0,0.0,0.0001,0.010196447372436523,89.18743133544922,4.732291221618652,/home/dicarlo_d/Documents/Code/TurboSuperResultion/recipes/turbo2D/single_images/.torch_checkpoints/Turb2D-RFFMLP_run:8-ds:4-mlp:3-rff_num:512-df:true-lsdv:0-lgrd:0-lcrl:1e-8-lsfn:0-ni:3-epoch=1519-val_loss=0.00.ckpt
71,RFFMLP_run:8-ds:4-mlp:3-rff_num:256-df:true-lsdv:1e-5-lgrd:1e-8-lcrl:1e-8-lsfn:0-ni:3,version_77,True,3.0,256.0,1e-05,1e-08,1e-08,0.0,0.0001,0.03331725299358368,75.05677032470703,8.820555686950684,/home/dicarlo_d/Documents/Code/TurboSuperResultion/recipes/turbo2D/single_images/.torch_checkpoints/Turb2D-RFFMLP_run:8-ds:4-mlp:3-rff_num:256-df:true-lsdv:1e-5-lgrd:1e-8-lcrl:1e-8-lsfn:0-ni:3-epoch=1459-val_loss=0.00.ckpt
72,RFFMLP_run:8-ds:4-mlp:3-rff_num:64-df:true-lsdv:1e-5-lgrd:1e-5-lcrl:1e-5-lsfn:0-ni:3,version_54,True,3.0,64.0,1e-05,1e-05,1e-05,0.0,0.0001,0.09286417067050934,54.61902618408203,14.728241920471191,/home/dicarlo_d/Documents/Code/TurboSuperResultion/recipes/turbo2D/single_images/.torch_checkpoints/Turb2D-RFFMLP_run:8-ds:4-mlp:3-rff_num:64-df:true-lsdv:1e-5-lgrd:1e-5-lcrl:1e-5-lsfn:0-ni:3-epoch=4999-val_loss=0.00.ckpt
73,RFFMLP_run:8-ds:4-mlp:3-rff_num:64-df:true-lsdv:1e-5-lgrd:0-lcrl:0-lsfn:0-ni:3,version_46,True,3.0,64.0,1e-05,0.0,0.0,0.0,0.0001,0.01585334911942482,124.51718139648438,5.687450408935547,/home/dicarlo_d/Documents/Code/TurboSuperResultion/recipes/turbo2D/single_images/.torch_checkpoints/Turb2D-RFFMLP_run:8-ds:4-mlp:3-rff_num:64-df:true-lsdv:1e-5-lgrd:0-lcrl:0-lsfn:0-ni:3-epoch=4919-val_loss=0.00.ckpt
74,RFFMLP_run:8-ds:4-mlp:3-rff_num:0-df:true-lsdv:1e-3-lgrd:1e-8-lcrl:1e-5-lsfn:0-ni:3,version_15,True,3.0,0.0,0.001,1e-05,1e-08,0.0,0.0001,0.09134751558303833,43.606075286865234,14.646324157714844,/home/dicarlo_d/Documents/Code/TurboSuperResultion/recipes/turbo2D/single_images/.torch_checkpoints/Turb2D-RFFMLP_run:8-ds:4-mlp:3-rff_num:0-df:true-lsdv:1e-3-lgrd:1e-8-lcrl:1e-5-lsfn:0-ni:3-epoch=99-val_loss=0.00.ckpt
75,RFFMLP_run:8-ds:4-mlp:3-rff_num:512-df:true-lsdv:0-lgrd:0-lcrl:0-lsfn:0-ni:3,version_82,True,3.0,512.0,0.0,0.0,0.0,0.0,0.0001,0.013777784071862698,117.18861389160156,5.271949291229248,/home/dicarlo_d/Documents/Code/TurboSuperResultion/recipes/turbo2D/single_images/.torch_checkpoints/Turb2D-RFFMLP_run:8-ds:4-mlp:3-rff_num:512-df:true-lsdv:0-lgrd:0-lcrl:0-lsfn:0-ni:3-epoch=399-val_loss=0.00.ckpt
76,RFFMLP_run:8-ds:4-mlp:3-rff_num:0-df:true-lsdv:0-lgrd:1e-5-lcrl:1e-8-lsfn:0-ni:3,version_8,True,3.0,0.0,0.0,1e-08,1e-05,0.0,0.0001,0.07254712283611298,82.04035186767578,12.800386428833008,/home/dicarlo_d/Documents/Code/TurboSuperResultion/recipes/turbo2D/single_images/.torch_checkpoints/Turb2D-RFFMLP_run:8-ds:4-mlp:3-rff_num:0-df:true-lsdv:0-lgrd:1e-5-lcrl:1e-8-lsfn:0-ni:3-epoch=539-val_loss=0.00.ckpt
77,RFFMLP_run:8-ds:4-mlp:3-rff_num:256-df:true-lsdv:1e-3-lgrd:1e-8-lcrl:1e-5-lsfn:0-ni:3,version_69,True,3.0,256.0,0.001,1e-05,1e-08,0.0,0.0001,0.09459543228149414,59.49235153198242,14.89210319519043,/home/dicarlo_d/Documents/Code/TurboSuperResultion/recipes/turbo2D/single_images/.torch_checkpoints/Turb2D-RFFMLP_run:8-ds:4-mlp:3-rff_num:256-df:true-lsdv:1e-3-lgrd:1e-8-lcrl:1e-5-lsfn:0-ni:3-epoch=4999-val_loss=0.00.ckpt
78,RFFMLP_run:8-ds:4-mlp:3-rff_num:256-df:true-lsdv:1e-3-lgrd:0-lcrl:1e-8-lsfn:0-ni:3,version_65,True,3.0,256.0,0.001,1e-08,0.0,0.0,0.0001,0.048895224928855896,81.07056427001953,10.629351615905762,/home/dicarlo_d/Documents/Code/TurboSuperResultion/recipes/turbo2D/single_images/.torch_checkpoints/Turb2D-RFFMLP_run:8-ds:4-mlp:3-rff_num:256-df:true-lsdv:1e-3-lgrd:0-lcrl:1e-8-lsfn:0-ni:3-epoch=1319-val_loss=0.00.ckpt
79,RFFMLP_run:8-ds:4-mlp:3-rff_num:512-df:true-lsdv:1e-3-lgrd:1e-8-lcrl:1e-8-lsfn:0-ni:3,version_95,True,3.0,512.0,0.001,1e-08,1e-08,0.0,0.0001,0.012807769700884819,81.44913482666016,5.380725860595703,/home/dicarlo_d/Documents/Code/TurboSuperResultion/recipes/turbo2D/single_images/.torch_checkpoints/Turb2D-RFFMLP_run:8-ds:4-mlp:3-rff_num:512-df:true-lsdv:1e-3-lgrd:1e-8-lcrl:1e-8-lsfn:0-ni:3-epoch=1319-val_loss=0.00.ckpt
80,RFFMLP_run:8-ds:4-mlp:3-rff_num:256-df:true-lsdv:0-lgrd:1e-8-lcrl:1e-8-lsfn:0-ni:3,version_59,True,3.0,256.0,0.0,1e-08,1e-08,0.0,0.0001,0.030681684613227844,77.6467056274414,8.561371803283691,/home/dicarlo_d/Documents/Code/TurboSuperResultion/recipes/turbo2D/single_images/.torch_checkpoints/Turb2D-RFFMLP_run:8-ds:4-mlp:3-rff_num:256-df:true-lsdv:0-lgrd:1e-8-lcrl:1e-8-lsfn:0-ni:3-epoch=1399-val_loss=0.00.ckpt
81,RFFMLP_run:8-ds:4-mlp:3-rff_num:64-df:true-lsdv:1e-3-lgrd:1e-8-lcrl:0-lsfn:0-ni:3,version_40,True,3.0,64.0,0.001,0.0,1e-08,0.0,0.0001,0.04617883265018463,100.16438293457031,10.317829132080078,/home/dicarlo_d/Documents/Code/TurboSuperResultion/recipes/turbo2D/single_images/.torch_checkpoints/Turb2D-RFFMLP_run:8-ds:4-mlp:3-rff_num:64-df:true-lsdv:1e-3-lgrd:1e-8-lcrl:0-lsfn:0-ni:3-epoch=1059-val_loss=0.00.ckpt
82,RFFMLP_run:8-ds:4-mlp:3-rff_num:64-df:true-lsdv:0-lgrd:1e-8-lcrl:1e-5-lsfn:0-ni:3,version_33,True,3.0,64.0,0.0,1e-05,1e-08,0.0,0.0001,0.09266824275255203,39.88182830810547,14.698037147521973,/home/dicarlo_d/Documents/Code/TurboSuperResultion/recipes/turbo2D/single_images/.torch_checkpoints/Turb2D-RFFMLP_run:8-ds:4-mlp:3-rff_num:64-df:true-lsdv:0-lgrd:1e-8-lcrl:1e-5-lsfn:0-ni:3-epoch=1679-val_loss=0.00.ckpt
83,RFFMLP_run:8-ds:4-mlp:3-rff_num:0-df:true-lsdv:0-lgrd:0-lcrl:0-lsfn:0-ni:3,version_1,True,3.0,0.0,0.0,0.0,0.0,0.0,0.0001,0.0751081109046936,76.80705261230469,13.098835945129395,/home/dicarlo_d/Documents/Code/TurboSuperResultion/recipes/turbo2D/single_images/.torch_checkpoints/Turb2D-RFFMLP_run:8-ds:4-mlp:3-rff_num:0-df:true-lsdv:0-lgrd:0-lcrl:0-lsfn:0-ni:3-epoch=679-val_loss=0.00.ckpt
84,RFFMLP_run:8-ds:4-mlp:3-rff_num:256-df:true-lsdv:1e-5-lgrd:1e-5-lcrl:1e-5-lsfn:0-ni:3,version_81,True,3.0,256.0,1e-05,1e-05,1e-05,0.0,0.0001,0.09407192468643188,80.44066619873047,14.791520118713379,/home/dicarlo_d/Documents/Code/TurboSuperResultion/recipes/turbo2D/single_images/.torch_checkpoints/Turb2D-RFFMLP_run:8-ds:4-mlp:3-rff_num:256-df:true-lsdv:1e-5-lgrd:1e-5-lcrl:1e-5-lsfn:0-ni:3-epoch=1419-val_loss=0.00.ckpt
85,RFFMLP_run:8-ds:4-mlp:3-rff_num:256-df:true-lsdv:0-lgrd:0-lcrl:1e-5-lsfn:0-ni:3,version_57,True,3.0,256.0,0.0,1e-05,0.0,0.0,0.0001,0.09530273824930191,76.62459564208984,14.952669143676758,/home/dicarlo_d/Documents/Code/TurboSuperResultion/recipes/turbo2D/single_images/.torch_checkpoints/Turb2D-RFFMLP_run:8-ds:4-mlp:3-rff_num:256-df:true-lsdv:0-lgrd:0-lcrl:1e-5-lsfn:0-ni:3-epoch=4999-val_loss=0.00.ckpt
86,RFFMLP_run:8-ds:4-mlp:3-rff_num:64-df:true-lsdv:0-lgrd:0-lcrl:1e-8-lsfn:0-ni:3,version_29,True,3.0,64.0,0.0,1e-08,0.0,0.0,0.0001,0.07919976115226746,60.04508972167969,13.595624923706055,/home/dicarlo_d/Documents/Code/TurboSuperResultion/recipes/turbo2D/single_images/.torch_checkpoints/Turb2D-RFFMLP_run:8-ds:4-mlp:3-rff_num:64-df:true-lsdv:0-lgrd:0-lcrl:1e-8-lsfn:0-ni:3-epoch=1319-val_loss=0.00.ckpt
87,RFFMLP_run:8-ds:4-mlp:3-rff_num:512-df:true-lsdv:0-lgrd:1e-5-lcrl:0-lsfn:0-ni:3,version_88,True,3.0,512.0,0.0,0.0,1e-05,0.0,0.0001,0.015171966515481472,127.03958892822266,5.526895523071289,/home/dicarlo_d/Documents/Code/TurboSuperResultion/recipes/turbo2D/single_images/.torch_checkpoints/Turb2D-RFFMLP_run:8-ds:4-mlp:3-rff_num:512-df:true-lsdv:0-lgrd:1e-5-lcrl:0-lsfn:0-ni:3-epoch=579-val_loss=0.00.ckpt
88,RFFMLP_run:8-ds:4-mlp:3-rff_num:512-df:true-lsdv:1e-3-lgrd:0-lcrl:0-lsfn:0-ni:3,version_91,True,3.0,512.0,0.001,0.0,0.0,0.0,0.0001,0.014601161703467369,114.48123168945312,5.36055326461792,/home/dicarlo_d/Documents/Code/TurboSuperResultion/recipes/turbo2D/single_images/.torch_checkpoints/Turb2D-RFFMLP_run:8-ds:4-mlp:3-rff_num:512-df:true-lsdv:1e-3-lgrd:0-lcrl:0-lsfn:0-ni:3-epoch=499-val_loss=0.00.ckpt
89,RFFMLP_run:8-ds:4-mlp:3-rff_num:64-df:true-lsdv:0-lgrd:0-lcrl:1e-5-lsfn:0-ni:3,version_30,True,3.0,64.0,0.0,1e-05,0.0,0.0,0.0001,0.09397467225790024,63.10258483886719,14.809209823608398,/home/dicarlo_d/Documents/Code/TurboSuperResultion/recipes/turbo2D/single_images/.torch_checkpoints/Turb2D-RFFMLP_run:8-ds:4-mlp:3-rff_num:64-df:true-lsdv:0-lgrd:0-lcrl:1e-5-lsfn:0-ni:3-epoch=4999-val_loss=0.00.ckpt
90,RFFMLP_run:8-ds:4-mlp:3-rff_num:0-df:true-lsdv:1e-5-lgrd:0-lcrl:0-lsfn:0-ni:3,version_19,True,3.0,0.0,1e-05,0.0,0.0,0.0,0.0001,0.09146126359701157,44.19402313232422,14.656560897827148,/home/dicarlo_d/Documents/Code/TurboSuperResultion/recipes/turbo2D/single_images/.torch_checkpoints/Turb2D-RFFMLP_run:8-ds:4-mlp:3-rff_num:0-df:true-lsdv:1e-5-lgrd:0-lcrl:0-lsfn:0-ni:3-epoch=99-val_loss=0.00.ckpt
91,RFFMLP_run:8-ds:4-mlp:3-rff_num:0-df:true-lsdv:1e-3-lgrd:1e-5-lcrl:1e-5-lsfn:0-ni:3,version_18,True,3.0,0.0,0.001,1e-05,1e-05,0.0,0.0001,0.09161729365587234,36.012882232666016,14.6524658203125,/home/dicarlo_d/Documents/Code/TurboSuperResultion/recipes/turbo2D/single_images/.torch_checkpoints/Turb2D-RFFMLP_run:8-ds:4-mlp:3-rff_num:0-df:true-lsdv:1e-3-lgrd:1e-5-lcrl:1e-5-lsfn:0-ni:3-epoch=79-val_loss=0.00.ckpt
92,RFFMLP_run:8-ds:4-mlp:3-rff_num:0-df:true-lsdv:0-lgrd:1e-5-lcrl:1e-5-lsfn:0-ni:3,version_9,True,3.0,0.0,0.0,1e-05,1e-05,0.0,0.0001,0.09151986241340637,40.2033576965332,14.653129577636719,/home/dicarlo_d/Documents/Code/TurboSuperResultion/recipes/turbo2D/single_images/.torch_checkpoints/Turb2D-RFFMLP_run:8-ds:4-mlp:3-rff_num:0-df:true-lsdv:0-lgrd:1e-5-lcrl:1e-5-lsfn:0-ni:3-epoch=79-val_loss=0.00.ckpt
93,RFFMLP_run:8-ds:4-mlp:3-rff_num:64-df:true-lsdv:1e-5-lgrd:1e-5-lcrl:1e-8-lsfn:0-ni:3,version_53,True,3.0,64.0,1e-05,1e-08,1e-05,0.0,0.0001,0.08316653966903687,70.12651062011719,13.932655334472656,/home/dicarlo_d/Documents/Code/TurboSuperResultion/recipes/turbo2D/single_images/.torch_checkpoints/Turb2D-RFFMLP_run:8-ds:4-mlp:3-rff_num:64-df:true-lsdv:1e-5-lgrd:1e-5-lcrl:1e-8-lsfn:0-ni:3-epoch=1659-val_loss=0.00.ckpt
94,RFFMLP_run:8-ds:4-mlp:3-rff_num:0-df:true-lsdv:1e-3-lgrd:1e-5-lcrl:1e-8-lsfn:0-ni:3,version_17,True,3.0,0.0,0.001,1e-08,1e-05,0.0,0.0001,0.06526806950569153,78.34036254882812,12.051570892333984,/home/dicarlo_d/Documents/Code/TurboSuperResultion/recipes/turbo2D/single_images/.torch_checkpoints/Turb2D-RFFMLP_run:8-ds:4-mlp:3-rff_num:0-df:true-lsdv:1e-3-lgrd:1e-5-lcrl:1e-8-lsfn:0-ni:3-epoch=2799-val_loss=0.00.ckpt
95,RFFMLP_run:8-ds:4-mlp:3-rff_num:256-df:true-lsdv:1e-3-lgrd:0-lcrl:1e-5-lsfn:0-ni:3,version_66,True,3.0,256.0,0.001,1e-05,0.0,0.0,0.0001,0.09433622658252716,69.1424789428711,14.77918815612793,/home/dicarlo_d/Documents/Code/TurboSuperResultion/recipes/turbo2D/single_images/.torch_checkpoints/Turb2D-RFFMLP_run:8-ds:4-mlp:3-rff_num:256-df:true-lsdv:1e-3-lgrd:0-lcrl:1e-5-lsfn:0-ni:3-epoch=4999-val_loss=0.00.ckpt
96,RFFMLP_run:8-ds:4-mlp:3-rff_num:256-df:true-lsdv:1e-5-lgrd:1e-5-lcrl:1e-8-lsfn:0-ni:3,version_80,True,3.0,256.0,1e-05,1e-08,1e-05,0.0,0.0001,0.04989905282855034,78.22885131835938,10.91693115234375,/home/dicarlo_d/Documents/Code/TurboSuperResultion/recipes/turbo2D/single_images/.torch_checkpoints/Turb2D-RFFMLP_run:8-ds:4-mlp:3-rff_num:256-df:true-lsdv:1e-5-lgrd:1e-5-lcrl:1e-8-lsfn:0-ni:3-epoch=1239-val_loss=0.00.ckpt
97,RFFMLP_run:8-ds:4-mlp:3-rff_num:64-df:true-lsdv:1e-3-lgrd:0-lcrl:1e-5-lsfn:0-ni:3,version_39,True,3.0,64.0,0.001,1e-05,0.0,0.0,0.0001,0.09356942027807236,56.804744720458984,14.79770278930664,/home/dicarlo_d/Documents/Code/TurboSuperResultion/recipes/turbo2D/single_images/.torch_checkpoints/Turb2D-RFFMLP_run:8-ds:4-mlp:3-rff_num:64-df:true-lsdv:1e-3-lgrd:0-lcrl:1e-5-lsfn:0-ni:3-epoch=4999-val_loss=0.00.ckpt
